{"bottle1":{
    "scan_pose": {
      "position": [0.04, 1.4482265563934822, 0.41294044680893965, 0.04, -0.9915105097285386, -2.1649086282567436, 0.4859350027756016, 2.338720158672341, 0.9309169457541578],
      "velocity": [0.0, 0.0, 0.0, 0.0, 0.0, 0.0, 0.0, 0.0, 0.0],
      "effort": [0.0, 0.0, 0.0, 0.0, 0.0, 0.0, 0.0, 0.0, 0.0]
    },
    "pick_pose": {
      "position": [0.04, 1.2148618292969204, 0.6450975848480696, 0.04, -0.6804972183920934, -2.2263661524532847, 0.8264823377401074, 2.6012189221748656, 0.6759804068616875],
      "velocity": [0.0, 0.0, 0.0, 0.0, 0.0, 0.0, 0.0, 0.0, 0.0],
      "effort": [0.0, 0.0, 0.0, 0.0, 0.0, 0.0, 0.0, 0.0, 0.0]
    },
    "carry_pose": {
      "position": [0.007, 1.820579074158811, -0.024197066133574082, 0.007, -1.358819470417016, -2.2236178737494616, -0.02962997018842231, 2.2184200078917575, 1.2647714345585312],
      "velocity": [0.0, 0.0, 0.0, 0.0, 0.0, 0.0, 0.0, 0.0, 0.0],
      "effort": [0.0, 0.0, 0.0, 0.0, 0.0, 0.0, 0.0, 0.0, 0.0]
    },
    "pick_pose1": {
      "position": [0.007, 1.2148618292969204, 0.6450975848480696, 0.007, -0.6804972183920934, -2.2263661524532847, 0.8264823377401074, 2.6012189221748656,0.6759804068616875],
      "velocity": [0.0, 0.0, 0.0, 0.0, 0.0, 0.0, 0.0, 0.0, 0.0],
      "effort": [0.0, 0.0, 0.0, 0.0, 0.0, 0.0, 0.0, 0.0, 0.0]
    },
    "drop_pose": {
      "position": [0.007, 0.011989204458184747, -1.1406764615216816, 0.007, 0.028471547092850772, -2.9136333200883566, 0.026576489490658793, 1.7728920819420322, 0.803409647670954],
      "velocity": [0.0, 0.0, 0.0, 0.0, 0.0, 0.0, 0.0, 0.0, 0.0]
    },
    "gripper_close": {
      "position": [0.007, 0.007],
      "velocity": [0.02, 0.02],
      "effort": [0.1, 0.1]
    },
    "gripper_open": {
      "position": [0.04, 0.04],
      "velocity": [0.02, 0.02],
      "effort": [0.1, 0.1]
    }
},
 "bottle2": {
    "scan_pose": {
      "position": [0.04, 1.4967801305472215, 0.6020048887092937, 0.04, -0.9350206817848704, -1.55906598985786, 0.5030805035591973, 1.9035908206869225, 1.2634743783645865],
      "velocity": [0.0, 0.0, 0.0, 0.0, 0.0, 0.0, 0.0, 0.0, 0.0],
      "effort": [0.0, 0.0, 0.0, 0.0, 0.0, 0.0, 0.0, 0.0, 0.0]
    },
    "pick_pose": {
      "position": [0.04, 1.3812140813119986, 0.8945945475273543, 0.04, -0.6771023563613466, -1.8041828260256916, 0.8068336744138092, 2.397978461142102, 1.045036014301474],
      "velocity": [0.0, 0.0, 0.0, 0.0, 0.0, 0.0, 0.0, 0.0, 0.0],
      "effort": [0.0, 0.0, 0.0, 0.0, 0.0, 0.0, 0.0, 0.0, 0.0]
    },
    "carry_pose": {
      "position": [0.007, 1.5848490759243823, 0.5434279585505952, 0.007, -0.9687381645335421, -1.8104775934372945, 0.5101114515721358, 2.0803389722843044, 1.2091585089238381],
      "velocity": [0.0, 0.0, 0.0, 0.0, 0.0, 0.0, 0.0, 0.0, 0.0],
      "effort": [0.0, 0.0, 0.0, 0.0, 0.0, 0.0, 0.0, 0.0, 0.0]
    },
    "pick_pose1": {
      "position": [0.007, 1.3812140813119986, 0.8945945475273543, 0.007, -0.6771023563613466, -1.8041828260256916, 0.8068336744138092, 2.397978461142102, 1.045036014301474],
      "velocity": [0.0, 0.0, 0.0, 0.0, 0.0, 0.0, 0.0, 0.0, 0.0],
      "effort": [0.0, 0.0, 0.0, 0.0, 0.0, 0.0, 0.0, 0.0, 0.0]
    },
    "drop_pose": {
      "position": [0.007, 0.011989204458184747, -1.1406764615216816, 0.007, 0.028471547092850772, -2.9136333200883566, 0.026576489490658793, 1.7728920819420322, 0.803409647670954],
      "velocity": [0.0, 0.0, 0.0, 0.0, 0.0, 0.0, 0.0, 0.0, 0.0]
    },
    "gripper_close": {
      "position": [0.007, 0.007],
      "velocity": [0.02, 0.02],
      "effort": [0.1, 0.1]
    },
    "gripper_open": {
      "position": [0.04, 0.04],
      "velocity": [0.02, 0.02],
      "effort": [0.1, 0.1]
    }
  },
"bottle3": {
    "scan_pose": {
      "position": [0.04, 0.008871330590766306, -0.08165296628185358, 0.04, -0.39928571200966206, -2.215242198125046, -0.03757474353982169, 2.1396918459793404, 0.4159618670058867],
      "velocity": [0.0, 0.0, 0.0, 0.0, 0.0, 0.0, 0.0, 0.0, 0.0],
      "effort": [0.0, 0.0, 0.0, 0.0, 0.0, 0.0, 0.0, 0.0, 0.0]
    },
    "pick_pose": {
      "position": [0.04, -0.1595984239618272, 0.5139458127617987, 0.04, -0.26063556716812913, -2.274805386908379, 0.34178002706019395, 2.753757997791285, 0.0791292930720701],
      "velocity": [0.0, 0.0, 0.0, 0.0, 0.0, 0.0, 0.0, 0.0, 0.0],
      "effort": [0.0, 0.0, 0.0, 0.0, 0.0, 0.0, 0.0, 0.0, 0.0]
    },
    "carry_pose": {
      "position": [0.007, -0.026240521802020907, -0.09906253699083435, 0.007, -0.42352183723064685, -2.1072447237353304, -0.045000325429422436, 2.016310548870216, 0.3567312718048261],
      "velocity": [0.0, 0.0, 0.0, 0.0, 0.0, 0.0, 0.0, 0.0, 0.0],
      "effort": [0.0, 0.0, 0.0, 0.0, 0.0, 0.0, 0.0, 0.0, 0.0]
    },
    "pick_pose1": {
      "position": [0.007, -0.1595984239618272, 0.5139458127617987, 0.007, -0.26063556716812913, -2.274805386908379, 0.34178002706019395, 2.753757997791285, 0.0791292930720701],
      "velocity": [0.0, 0.0, 0.0, 0.0, 0.0, 0.0, 0.0, 0.0, 0.0],
      "effort": [0.0, 0.0, 0.0, 0.0, 0.0, 0.0, 0.0, 0.0, 0.0]
    },
    "drop_pose": {
      "position": [0.007, 0.011989204458184747, -1.1406764615216816, 0.007, 0.028471547092850772, -2.9136333200883566, 0.026576489490658793, 1.7728920819420322, 0.803409647670954],
      "velocity": [0.0, 0.0, 0.0, 0.0, 0.0, 0.0, 0.0, 0.0, 0.0]
    },
    "gripper_close": {
      "position": [0.007, 0.007],
      "velocity": [0.02, 0.02],
      "effort": [0.1, 0.1]
    },
    "gripper_open": {
      "position": [0.04, 0.04],
      "velocity": [0.02, 0.02],
      "effort": [0.1, 0.1]
    }
  },
"bottle4": {
    "scan_pose": {
      "position": [0.04, -0.16887528716272354, 0.3881271946420797, 0.04, -0.6712291401606009, -1.7384728668761844, 0.26511612386307926, 2.0284086975328135, -0.18949248792851317],
      "velocity": [0.0, 0.0, 0.0, 0.0, 0.0, 0.0, 0.0, 0.0, 0.0],
      "effort": [0.0, 0.0, 0.0, 0.0, 0.0, 0.0, 0.0, 0.0, 0.0]
    },
    "pick_pose": {
      "position": [0.04, -0.3111967956896434, 0.7903144340002785, 0.04, -0.46723067970788107, -1.8094450484153075, 0.5370289794445021, 2.464855091971547, -0.3544410601569318],
      "velocity": [0.0, 0.0, 0.0, 0.0, 0.0, 0.0, 0.0, 0.0, 0.0],
      "effort": [0.0, 0.0, 0.0, 0.0, 0.0, 0.0, 0.0, 0.0, 0.0]
    },
    "carry_pose": {
      "position": [0.007, -0.16224955546389244, 0.37833820185590455, 0.007, -0.6809532852211073, -1.7214547921086922, 0.2585515793435317, 2.002443077912465, -0.1851126945763562],
      "velocity": [0.0, 0.0, 0.0, 0.0, 0.0, 0.0, 0.0, 0.0, 0.0],
      "effort": [0.0, 0.0, 0.0, 0.0, 0.0, 0.0, 0.0, 0.0, 0.0]
    },
    "pick_pose1": {
      "position": [0.007, -0.3111967956896434, 0.7903144340002785, 0.007, -0.46723067970788107, -1.8094450484153075, 0.5370289794445021, 2.464855091971547, -0.3544410601569318],
      "velocity": [0.0, 0.0, 0.0, 0.0, 0.0, 0.0, 0.0, 0.0, 0.0],
      "effort": [0.0, 0.0, 0.0, 0.0, 0.0, 0.0, 0.0, 0.0, 0.0]
    },
    "drop_pose": {
      "position": [0.007, 0.011989204458184747, -1.1406764615216816, 0.007, 0.028471547092850772, -2.9136333200883566, 0.026576489490658793, 1.7728920819420322, 0.803409647670954],
      "velocity": [0.0, 0.0, 0.0, 0.0, 0.0, 0.0, 0.0, 0.0, 0.0]
    },
    "gripper_close": {
      "position": [0.007, 0.007],
      "velocity": [0.02, 0.02],
      "effort": [0.1, 0.1]
    },
    "gripper_open": {
      "position": [0.04, 0.04],
      "velocity": [0.02, 0.02],
      "effort": [0.1, 0.1]
    }
  },
  "bottle5": {
    "scan_pose": {
      "position": [0.04, 1.0697252180959882, -0.2836863465521463, 0.04, -1.0554302939250158, -2.468097261058605, -0.3317509424530782, 2.2974927659915427, 1.041854974987079],
      "velocity": [0.0, 0.0, 0.0, 0.0, 0.0, 0.0, 0.0, 0.0, 0.0],
      "effort": [0.0, 0.0, 0.0, 0.0, 0.0, 0.0, 0.0, 0.0, 0.0]
    },
    "pick_pose": {
      "position": [0.04, 0.7496725819534011, 0.5448013862151025, 0.04, -0.6226954343476839, -2.399255806630468, 0.8457184706509554, 2.7256726080704627, 0.1826203486864584],